id;firstName;createdOn
1;Timothy;1/7/11
2;Betty;1/7/13
3;Jesse;1/7/3
4;Gary;1/7/3
5;Patrick;1/7/8
6;Robin;1/7/4
7;Kelly;1/7/13
8;Annie;1/7/3
9;Amanda;1/7/2
10;Anthony;1/7/4
11;Matthew;1/7/13
12;Donald;1/7/3
13;Melissa;1/7/9
14;Dorothy;1/7/8
15;Harold;1/7/5
16;Judy;1/7/7
17;John;1/7/7
18;Jose;1/7/10
19;Terry;1/7/5
20;Janice;1/7/13
21;Joan;1/7/8
22;Anna;1/7/3
23;Gary;1/7/13
24;Martin;1/7/10
25;Jason;1/7/4
26;Timothy;1/7/7
27;Eric;1/7/3
28;Kathryn;1/7/6
29;Roger;1/7/3
30;Peter;1/7/7
31;Adam;1/7/4
32;Marie;1/7/1
33;Shirley;1/7/3
34;Mary;1/7/8
35;Philip;1/7/14
36;Bruce;1/7/12
37;Christine;1/7/6
38;Sandra;1/7/3
39;Amy;1/7/5
40;Daniel;1/7/1
41;Frank;1/7/3
42;Daniel;1/7/4
43;Joshua;1/7/1
44;Pamela;1/7/9
45;Theresa;1/7/1
46;Sandra;1/7/3
47;Donald;1/7/11
48;Antonio;1/7/1
49;Jesse;1/7/9
50;Johnny;1/7/4
51;William;1/7/7
52;Theresa;1/7/11
53;Daniel;1/7/2
54;Charles;1/7/2
55;Gregory;1/7/1
56;Lori;1/7/1
57;Mary;1/7/13
58;Russell;1/7/14
59;Alice;1/7/8
60;Terry;1/7/7
61;Andrew;1/7/12
62;Angela;1/7/6
63;Keith;1/7/4
64;Mark;1/7/1
65;Carol;1/7/12
66;Bruce;1/7/5
67;Phillip;1/7/9
68;Heather;1/7/7
69;Ann;1/7/14
70;Terry;1/7/11
71;Mildred;1/7/4
72;Matthew;1/7/1
73;Kathy;1/7/5
74;Christina;1/7/8
75;Elizabeth;1/7/7
76;Julie;1/7/5
77;Kevin;1/7/9
78;Phyllis;1/7/5
79;Helen;1/7/2
80;Ashley;1/7/13
81;Daniel;1/7/1
82;Margaret;1/7/1
83;Jose;1/7/5
84;Ralph;1/7/11
85;Kelly;1/7/5
86;Mildred;1/7/8
87;Benjamin;1/7/3
88;Howard;1/7/13
89;Patricia;1/7/6
90;Jean;1/7/11
91;Edward;1/7/1
92;Mildred;1/7/12
93;Anne;1/7/12
94;Jerry;1/7/8
95;Julie;1/7/8
96;Martha;1/7/2
97;Alice;1/7/9
98;Ashley;1/7/14
99;Angela;1/7/6
100;Kenneth;1/7/14
101;Rachel;1/7/10
102;Joseph;1/7/12
103;Russell;1/7/4
104;Marilyn;1/7/5
105;Martha;1/7/3
106;Jean;1/7/6
107;Randy;1/7/3
108;Janet;1/7/9
109;Rose;1/7/11
110;Melissa;1/7/4
111;Martin;1/7/12
112;Brenda;1/7/14
113;Jacqueline;1/7/14
114;Chris;1/7/1
115;Gary;1/7/4
116;George;1/7/11
117;Wanda;1/7/7
118;Doris;1/7/12
119;Phillip;1/7/1
120;Shawn;1/7/14
121;Paul;1/7/5
122;Susan;1/7/13
123;Martha;1/7/12
124;Wanda;1/7/9
125;Craig;1/7/7
126;Todd;1/7/10
127;David;1/7/13
128;Kimberly;1/7/1
129;Edward;1/7/8
130;Adam;1/7/12
131;Charles;1/7/2
132;Walter;1/7/5
133;Stephanie;1/7/6
134;Carolyn;1/7/14
135;Jerry;1/7/4
136;Chris;1/7/2
137;Jimmy;1/7/12
138;Jose;1/7/7
139;Samuel;1/7/5
140;John;1/7/14
141;Douglas;1/7/8
142;Keith;1/7/2
143;Doris;1/7/11
144;Ruth;1/7/10
145;Wayne;1/7/7
146;Cynthia;1/7/10
147;Helen;1/7/11
148;Andrea;1/7/6
149;Kevin;1/7/4
150;Angela;1/7/12
151;Larry;1/7/3
152;Lillian;1/7/11
153;Johnny;1/7/14
154;Pamela;1/7/12
155;Phillip;1/7/6
156;Sarah;1/7/3
157;Fred;1/7/4
158;Judy;1/7/9
159;Billy;1/7/3
160;Judy;1/7/5
161;Bobby;1/7/11
162;Emily;1/7/8
163;Rachel;1/7/4
164;George;1/7/11
165;Antonio;1/7/5
166;Julie;1/7/8
167;Ronald;1/7/14
168;Lawrence;1/7/5
169;Joe;1/7/13
170;Jesse;1/7/9
171;Russell;1/7/12
172;Katherine;1/7/7
173;Louis;1/7/5
174;Charles;1/7/7
175;Janet;1/7/6
176;Christine;1/7/10
177;Sharon;1/7/6
178;Dennis;1/7/10
179;Emily;1/7/12
180;Elizabeth;1/7/1
181;Jennifer;1/7/7
182;Brian;1/7/3
183;Harold;1/7/6
184;Earl;1/7/12
185;Cynthia;1/7/13
186;Ernest;1/7/5
187;Sandra;1/7/3
188;Dorothy;1/7/7
189;Arthur;1/7/5
190;Samuel;1/7/13
191;Sharon;1/7/7
192;Ann;1/7/8
193;Samuel;1/7/10
194;Kenneth;1/7/9
195;Andrew;1/7/4
196;Pamela;1/7/9
197;Sara;1/7/9
198;Brenda;1/7/13
199;Roger;1/7/10
200;Brian;1/7/3
